{
  "\n": 8,
  "\r": 7,
  " ": 1,
  "!": 76,
  "\"": 0,
  "#": 57,
  "%": 46,
  "&": 87,
  "'": 56,
  "(": 66,
  ")": 75,
  "+": 63,
  ",": 42,
  "-": 38,
  ".": 72,
  "/": 11,
  "0": 64,
  "1": 48,
  "2": 2,
  "3": 22,
  "4": 39,
  "5": 65,
  "6": 43,
  "7": 20,
  "8": 44,
  "9": 58,
  ":": 17,
  "=": 54,
  ">": 79,
  "?": 86,
  "A": 4,
  "B": 9,
  "C": 25,
  "D": 13,
  "E": 18,
  "F": 21,
  "G": 10,
  "H": 68,
  "I": 73,
  "J": 60,
  "K": 41,
  "L": 59,
  "M": 30,
  "N": 45,
  "O": 74,
  "P": 33,
  "Q": 77,
  "R": 51,
  "S": 40,
  "T": 34,
  "U": 83,
  "V": 78,
  "W": 67,
  "X": 47,
  "Y": 81,
  "[": 55,
  "\\": 49,
  "]": 69,
  "^": 37,
  "_": 70,
  "a": 14,
  "b": 27,
  "c": 12,
  "d": 5,
  "e": 6,
  "f": 15,
  "g": 16,
  "h": 31,
  "i": 23,
  "j": 85,
  "k": 62,
  "l": 35,
  "m": 19,
  "n": 29,
  "o": 28,
  "p": 61,
  "q": 82,
  "r": 32,
  "s": 26,
  "t": 24,
  "u": 36,
  "v": 50,
  "w": 52,
  "x": 80,
  "y": 53,
  "z": 71,
  "|": 3,
  "~": 84
}